{"d_simplex":[0.3421,0.6579],"d_cfcov_54":[[7.87031736484424e+193,0,0,0],[8.2036,5.25181644167532e+170,0,0],[-10.1658,6.7048,4.74843581634428e+164,0],[64.6591,-18.229,0.2519,5.49049918982104e+167],[-2.3201,30.33,24.1384,14.0843]],"d_1d_simplex":[[0.2306,0.7694],[0.6473,0.3527]],"d_1d_row_vec":[[-40.3108,-51.0344],[-21.411,-23.061]],"d_row_vec":[-35.4192,-30.2984],"d_ar_mat":[[[[0.0182,0.7734,0.1624],[0.6144,0.3089,0.5526]],[[0.8675,0.8924,0.4387],[0.6207,0.6329,0.2515]],[[0.7851,0.8229,0.0441],[0.0825,0.13,0.1698]],[[0.8945,0.3914,0.2254],[0.1016,0.2266,0.3137]],[[0.7094,0.5419,0.7708],[0.7288,0.1341,0.6024]]],[[[0.2358,0.9223,0.0953],[0.7479,0.6114,0.8281]],[[0.4909,0.4425,0.1386],[0.6845,0.9381,0.8863]],[[0.7753,0.2091,0.9913],[0.31,0.2446,0.4341]],[[0.5775,0.489,0.4226],[0.0627,0.5655,0.1241]],[[0.7876,0.4157,0.5777],[0.9152,0.6804,0.6497]]],[[[0.8728,0.0873,0.3418],[0.9799,0.1828,0.6511]],[[0.3654,0.3229,0.1472],[0.7765,0.3254,0.3406]],[[0.1054,0.8085,0.4534],[0.645,0.3042,0.2358]],[[0.675,0.8177,0.1248],[0.1327,0.907,0.6005]],[[0.7507,0.7137,0.2727],[0.1025,0.8169,0.6805]]],[[[0.7558,0.7277,0.2089],[0.1567,0.0996,0.11]],[[0.8874,0.8081,0.1389],[0.4297,0.3607,0.2553]],[[0.2556,0.0736,0.7416],[0.8644,0.0551,0.9174]],[[0.7354,0.3965,0.2444],[0.2793,0.9876,0.4488]],[[0.8324,0.8982,0.7519],[0.4085,0.228,0.0991]]]],"d_3d_vec":[[[[63.2617,-4.2748],[-2.4983,-0.6942],[-2.7314,-0.2224],[39.5748,2.0698],[-19.1136,37.5676],[-23.9004,-5.4455]],[[64.8411,7.6789],[6.0621,1.5994],[26.528,15.2512],[-16.297,-19.2762],[-6.509,-29.978],[4.7196,-16.5834]],[[-43.7524,21.4367],[-47.1375,-3.5578],[-1.7171,37.3054],[-25.3721,-14.0176],[2.0112,37.5563],[17.9408,-14.5615]]],[[[2.4465,-16.1627],[15.6953,9.4229],[38.1401,46.0312],[4.2808,50.1924],[7.0334,9.6361],[37.7259,-19.9781]],[[-20.9373,-14.4287],[6.7024,-6.9774],[11.8828,-12.4571],[33.4352,27.5522],[10.2264,24.7451],[11.1634,-31.2998]],[[7.4578,-74.8481],[17.143,-28.712],[31.5416,-34.1008],[-52.6164,-45.2314],[24.0972,-4.9374],[-15.8311,-8.5968]]]],"d_int_1d_ar":[2,-2],"d_3d_simplex":[[[[0.2926,0.7074],[0.5792,0.4208],[0.4637,0.5363],[0.0195,0.9805],[0.4736,0.5264],[0.1918,0.8082]],[[0.457,0.543],[0.4427,0.5573],[0.4432,0.5568],[0.2505,0.7495],[0.813,0.187],[0.4923,0.5077]],[[0.7545,0.2455],[0.6615,0.3385],[0.5751,0.4249],[0.8746,0.1254],[0.7273,0.2727],[0.1462,0.8538]]],[[[0.312,0.688],[0.6197,0.3803],[0.2428,0.7572],[0.9308,0.0692],[0.7311,0.2689],[0.9454,0.0546]],[[0.3046,0.6954],[0.4411,0.5589],[0.6088,0.3912],[0.6535,0.3465],[0.9237,0.0763],[0.6808,0.3192]],[[0.087,0.913],[0.5503,0.4497],[0.8121,0.1879],[0.3972,0.6028],[0.4273,0.5727],[0.7542,0.2458]]]],"J":[1.0216],"K":[6],"d_3d_row_vec":[[[[-34.0983,-3.4498],[10.8193,-27.0305],[68.2932,19.9595],[0.0651,32.5098],[42.3974,-26.5688],[-2.3823,54.7209]],[[3.5398,1.6394],[12.5078,0.7577],[-6.72,17.1315],[36.2993,29.1807],[-23.8353,17.5288],[11.8612,23.4654]],[[-4.286,-29.659],[-18.9292,19.216],[14.6951,-21.4983],[-22.4285,11.7168],[-12.3377,73.2234],[20.6525,-14.3489]]],[[[14.8164,52.8799],[-20.0554,-19.2024],[-3.466,49.2806],[16.5998,-10.5813],[-14.2135,12.1234],[21.3358,23.7961]],[[-11.3647,-48.1706],[-6.4194,-2.6631],[17.2104,-25.1806],[-23.3428,-20.733],[-1.017,41.9225],[38.7616,-23.282]],[[-20.2639,-5.8519],[-29.8617,19.6635],[10.3831,-30.3753],[14.1566,-15.399],[31.9868,19.3806],[10.9705,-49.0877]]]],"M":[3],"N":[2],"d_cfcov_33":[[1.59955249887352e+163,0,0],[-9.6475,2.0735355342868e+162,0],[-0.3202,-38.8615,4.15537088272041e+173]],"d_real_1d_ar":[3.0459,49.6571],"d_int_3d_ar":[[[2,2,1,1,2,0],[-1,-2,2,-1,-2,1],[0,-1,2,-2,0,-2]],[[-2,1,2,2,0,-2],[-2,0,1,1,-1,1],[-2,-1,1,-2,0,2]]],"d_1d_vec":[[4.4548,43.8104],[75.8869,10.8479]],"d_vec":[-16.1601,-25.7565],"d_real_3d_ar":[[[-6.1297,19.1632,1.7628,-24.9718,10.8317,-21.2808],[-11.9522,49.8936,19.6851,35.6491,-29.9416,-16.4465],[-5.3304,-2.7382,6.7302,11.1332,2.8347,-14.5615]],[[-19.4515,16.68,-5.9445,28.2653,-11.6022,7.7009],[60.1055,23.4418,-5.931,27.3789,-49.2715,26.6488],[-21.2439,47.7432,-35.0307,-37.9519,16.3437,33.1299]]],"d_cfcov_33_ar":[[[8.21120788323399e+180,0,0],[-36.549,1.55516867215536e+169,0],[-6.5545,41.5254,7.05102622240938e+179]],[[1.2206074461944e+175,0,0],[13.7203,1.9061555843793e+160,0],[-16.8942,-19.0506,3.28040103710575e+165]],[[2.85496316368462e+155,0,0],[-19.9191,1.02021714216551e+169,0],[20.8258,11.3523,7.88561789403875e+175]],[[2.73769364945721e+160,0,0],[-81.8547,1.2678402649145e+203,0],[-22.6686,-4.1382,3.30439468589037e+175]],[[4.2221611501958e+157,0,0],[-57.8039,5.92625910075132e+152,0],[-19.5755,29.8858,7.86266289199027e+179]],[[1.43421484521293e+170,0,0],[13.496,2.98002116709216e+171,0],[4.5482,-3.7093,5.1750896293511e+201]]]}
